Workbook

Sheet Base de vendas
A1: Cliente | B1: Vendedor | C1: Categoria | D1: Detalhe | E1: Número de série da venda | F1: Valor de venda | G1: Valor anterior | H1: Número de série da venda limpo | I1: Efetivação de recebimento | J1: Verificação de vendas efetuadas | K1: Comissão dos Vendedores | L1: Comissão dos Vendedores TOTAL | M1: Data de pagamento Comissão aos vendedores | N1: Comissão do Backoffice | O1: TOTAL Backoffice | P1: TOTAL | Q1: DATA DE PAGAMENTO BACKOFFICE | T1: Tamanho | U1: Desv.Pad. tamanho
A2: Cliente 1 | B2: Vendedor 2 | C2: Móvel | D2: Renovação | E2: 20723972248 | F2: 1459 | G2: 6716 | H2: {=IF(E2:E16531="", "", SUBSTITUTE(SUBSTITUTE(E2:E16531, ".", ""), "-", ""))} -> 20723972248 | I2: {=IF(H2:H16531="", "", IF(ISNUMBER(MATCH(H2:H16531, 'Base de faturamento'!A:A, 0)), 1, 0))} -> 1 | J2: =SUM(I2:I16531) -> 554 | K2: {=IF(A2:A16531="", "", IF(VALUE(I2:I16531)=1, IF(C2:C16531="Móvel", IF(D2:D16531="Novo", VALUE(F2:F16531)*0.3, IF(VALUE(F2:F16531)-VALUE(G2:G16531)>0, (VALUE(F2:F16531)-VALUE(G2:G16531))*0.3, 0)), IF(C2:C16531="Fixa", IF(D2:D16531="Novo", VALUE(F2:F16531)*0.2, IF(VALUE(F2:F16531)-VALUE(G2:G16531)>0, (VALUE(F2:F16531)-VALUE(G2:G16531))*0.2, 0)), 0) ), 0))} -> 0 | L2: =SUM(K2:K16531) -> 514113.6 | M2: =IFERROR(__xludf.DUMMYFUNCTION("ARRAYFORMULA(IF(('Base de vendas'!I2:I16531<>1) + ('Base de vendas'!H2:H16531=""""), """", IFERROR( IF(REGEXMATCH('Base de vendas'!B2:B16531, ""Vendedor 1|Vendedor 2|Vendedor 3""), IF(DAY(VLOOKUP('Base de vendas'!H2:H16531, 'Base de faturamen"&"to'!A:C, 3, 0)) <= 15, EOMONTH(VLOOKUP('Base de vendas'!H2:H16531, 'Base de faturamento'!A:C, 3, 0), -1) + 15, EOMONTH(VLOOKUP('Base de vendas'!H2:H16531, 'Base de faturamento'!A:C, 3, 0), 0) + 15), EOMONTH(VLOOKUP('Base de venda"&"s'!H2:H16531, 'Base de faturamento'!A:C, 3, 0), 0) + 1 ), """") ))"),44696.0) -> 44696 | N2: {=IF(VALUE(I2:I16531)=1, IF(C2:C16531="Móvel", "Backoffice Móvel", "Backoffice Fixa"), "")} -> Backoffice Móvel | O2: {=IF(A2:A16531="", "", IF(N2:N16531<>"", 1, 0))} -> 1 | P2: =SUM(O2:O16531) -> 554 | Q2: {=IF(('Base de vendas'!N2:N16531="") + ('Base de vendas'!H2:H16531=""), "", IFERROR( IF(VLOOKUP('Base de vendas'!H2:H16531, 'Base de faturamento'!A:C, 3, 0)=0, "", EOMONTH(VLOOKUP('Base de vendas'!H2:H16531, 'Base de faturamento'!A:C, 3, 0), 0) + 1), "") )} -> 44713 | T2: {=IF(E2:E16531="","", LENB((SUBSTITUTE(SUBSTITUTE(E2:E16531, ".", ""), "-", ""))))} -> 11 | U2: =STDEV(T2:T16531) -> 0
A3: Cliente 2 | B3: Vendedor 1 | C3: Móvel | D3: Renovação | E3: 27674450597 | F3: 5628 | G3: 1847 | H3: 27674450597 | I3: 1 | K3: 1134.3 | M3: =IFERROR(__xludf.DUMMYFUNCTION("""COMPUTED_VALUE"""),44696.0) -> 44696 | N3: Backoffice Móvel | O3: 1 | Q3: 44682 | T3: 11
A4: Cliente 3 | B4: Vendedor 4 | C4: Móvel | D4: Renovação | E4: 596.733.289-83 | F4: 1138 | G4: 1579 | H4: 59673328983 | I4: 0 | K4: 0 | M4: =IFERROR(__xludf.DUMMYFUNCTION("""COMPUTED_VALUE"""),"") | O4: 0 | T4: 11
A5: Cliente 4 | B5: Vendedor 7 | C5: Móvel | D5: Renovação | E5: 157.209.027-07 | F5: 1146 | G5: 9571 | H5: 15720902707 | I5: 1 | K5: 0 | M5: =IFERROR(__xludf.DUMMYFUNCTION("""COMPUTED_VALUE"""),44713.0) -> 44713 | N5: Backoffice Móvel | O5: 1 | Q5: 44713 | T5: 11
A6: Cliente 5 | B6: Vendedor 5 | C6: Móvel | D6: Renovação | E6: 34321267262 | F6: 2159 | G6: 8912 | H6: 34321267262 | I6: 1 | K6: 0 | M6: =IFERROR(__xludf.DUMMYFUNCTION("""COMPUTED_VALUE"""),44743.0) -> 44743 | N6: Backoffice Móvel | O6: 1 | Q6: 44743 | T6: 11
A7: Cliente 6 | B7: Vendedor 4 | C7: Móvel | D7: Renovação | E7: 196.180.028-10 | F7: 3076 | G7: 6148 | H7: 19618002810 | I7: 0 | K7: 0 | M7: =IFERROR(__xludf.DUMMYFUNCTION("""COMPUTED_VALUE"""),"") | O7: 0 | T7: 11
A8: Cliente 7 | B8: Vendedor 7 | C8: Móvel | D8: Renovação | E8: 436.087.234-05 | F8: 4269 | G8: 3243 | H8: 43608723405 | I8: 1 | K8: 307.8 | M8: =IFERROR(__xludf.DUMMYFUNCTION("""COMPUTED_VALUE"""),44743.0) -> 44743 | N8: Backoffice Móvel | O8: 1 | Q8: 44743 | T8: 11
A9: Cliente 8 | B9: Vendedor 4 | C9: Móvel | D9: Renovação | E9: 983.629.863-93 | F9: 5370 | G9: 1938 | H9: 98362986393 | I9: 1 | K9: 1029.6 | M9: =IFERROR(__xludf.DUMMYFUNCTION("""COMPUTED_VALUE"""),44682.0) -> 44682 | N9: Backoffice Móvel | O9: 1 | Q9: 44682 | T9: 11
A10: Cliente 9 | B10: Vendedor 7 | C10: Móvel | D10: Renovação | E10: 225.448.521-10 | F10: 5336 | G10: 9330 | H10: 22544852110 | I10: 1 | K10: 0 | M10: =IFERROR(__xludf.DUMMYFUNCTION("""COMPUTED_VALUE"""),44682.0) -> 44682 | N10: Backoffice Móvel | O10: 1 | Q10: 44682 | T10: 11
A11: Cliente 10 | B11: Vendedor 6 | C11: Móvel | D11: Renovação | E11: 296.469.719-76 | F11: 3119 | G11: 7499 | H11: 29646971976 | I11: 0 | K11: 0 | M11: =IFERROR(__xludf.DUMMYFUNCTION("""COMPUTED_VALUE"""),"") | O11: 0 | T11: 11
A12: Cliente 11 | B12: Vendedor 4 | C12: Móvel | D12: Renovação | E12: 72642874240 | F12: 8349 | G12: 8525 | H12: 72642874240 | I12: 0 | K12: 0 | M12: =IFERROR(__xludf.DUMMYFUNCTION("""COMPUTED_VALUE"""),"") | O12: 0 | T12: 11
A13: Cliente 12 | B13: Vendedor 1 | C13: Móvel | D13: Renovação | E13: 67563233991 | F13: 7785 | G13: 4881 | H13: 67563233991 | I13: 1 | K13: 871.2 | M13: =IFERROR(__xludf.DUMMYFUNCTION("""COMPUTED_VALUE"""),44727.0) -> 44727 | N13: Backoffice Móvel | O13: 1 | Q13: 44743 | T13: 11
A14: Cliente 13 | B14: Vendedor 8 | C14: Móvel | D14: Renovação | E14: 18175071887 | F14: 8410 | G14: 6035 | H14: 18175071887 | I14: 1 | K14: 712.5 | M14: =IFERROR(__xludf.DUMMYFUNCTION("""COMPUTED_VALUE"""),44652.0) -> 44652 | N14: Backoffice Móvel | O14: 1 | Q14: 44652 | T14: 11
A15: Cliente 14 | B15: Vendedor 8 | C15: Móvel | D15: Renovação | E15: 20503026585 | F15: 5574 | G15: 9950 | H15: 20503026585 | I15: 1 | K15: 0 | M15: =IFERROR(__xludf.DUMMYFUNCTION("""COMPUTED_VALUE"""),44682.0) -> 44682 | N15: Backoffice Móvel | O15: 1 | Q15: 44682 | T15: 11
A16: Cliente 15 | B16: Vendedor 3 | C16: Móvel | D16: Renovação | E16: 57413657804 | F16: 2167 | G16: 1512 | H16: 57413657804 | I16: 1 | K16: 196.5 | M16: =IFERROR(__xludf.DUMMYFUNCTION("""COMPUTED_VALUE"""),44666.0) -> 44666 | N16: Backoffice Móvel | O16: 1 | Q16: 44682 | T16: 11
A17: Cliente 16 | B17: Vendedor 5 | C17: Móvel | D17: Renovação | E17: 426.085.686-18 | F17: 5549 | G17: 2361 | H17: 42608568618 | I17: 1 | K17: 956.4 | M17: =IFERROR(__xludf.DUMMYFUNCTION("""COMPUTED_VALUE"""),44713.0) -> 44713 | N17: Backoffice Móvel | O17: 1 | Q17: 44713 | T17: 11
A18: Cliente 17 | B18: Vendedor 3 | C18: Móvel | D18: Renovação | E18: 56599553971 | F18: 9005 | G18: 8693 | H18: 56599553971 | I18: 0 | K18: 0 | M18: =IFERROR(__xludf.DUMMYFUNCTION("""COMPUTED_VALUE"""),"") | O18: 0 | T18: 11
A19: Cliente 18 | B19: Vendedor 4 | C19: Móvel | D19: Renovação | E19: 619.394.752-16 | F19: 4083 | G19: 4322 | H19: 61939475216 | I19: 1 | K19: 0 | M19: =IFERROR(__xludf.DUMMYFUNCTION("""COMPUTED_VALUE"""),44682.0) -> 44682 | N19: Backoffice Móvel | O19: 1 | Q19: 44682 | T19: 11
A20: Cliente 19 | B20: Vendedor 7 | C20: Móvel | D20: Renovação | E20: 373.517.410-26 | F20: 9289 | G20: 2239 | H20: 37351741026 | I20: 0 | K20: 0 | M20: =IFERROR(__xludf.DUMMYFUNCTION("""COMPUTED_VALUE"""),"") | O20: 0 | T20: 11
A21: Cliente 20 | B21: Vendedor 7 | C21: Móvel | D21: Renovação | E21: 593.243.931-16 | F21: 1040 | G21: 6374 | H21: 59324393116 | I21: 1 | K21: 0 | M21: =IFERROR(__xludf.DUMMYFUNCTION("""COMPUTED_VALUE"""),44713.0) -> 44713 | N21: Backoffice Móvel | O21: 1 | Q21: 44713 | T21: 11
A22: Cliente 21 | B22: Vendedor 8 | C22: Móvel | D22: Renovação | E22: 999.543.040-75 | F22: 1716 | G22: 2809 | H22: 99954304075 | I22: 1 | K22: 0 | M22: =IFERROR(__xludf.DUMMYFUNCTION("""COMPUTED_VALUE"""),44682.0) -> 44682 | N22: Backoffice Móvel | O22: 1 | Q22: 44682 | T22: 11
A23: Cliente 22 | B23: Vendedor 7 | C23: Móvel | D23: Renovação | E23: 44783399451 | F23: 6702 | G23: 2525 | H23: 44783399451 | I23: 0 | K23: 0 | M23: =IFERROR(__xludf.DUMMYFUNCTION("""COMPUTED_VALUE"""),"") | O23: 0 | T23: 11
A24: Cliente 23 | B24: Vendedor 2 | C24: Móvel | D24: Renovação | E24: 91230368786 | F24: 9375 | G24: 3237 | H24: 91230368786 | I24: 1 | K24: 1841.4 | M24: =IFERROR(__xludf.DUMMYFUNCTION("""COMPUTED_VALUE"""),44757.0) -> 44757 | N24: Backoffice Móvel | O24: 1 | Q24: 44743 | T24: 11
A25: Cliente 24 | B25: Vendedor 3 | C25: Móvel | D25: Renovação | E25: 15765206124 | F25: 1254 | G25: 6922 | H25: 15765206124 | I25: 0 | K25: 0 | M25: =IFERROR(__xludf.DUMMYFUNCTION("""COMPUTED_VALUE"""),"") | O25: 0 | T25: 11
A26: Cliente 25 | B26: Vendedor 7 | C26: Móvel | D26: Renovação | E26: 294.933.876-36 | F26: 4504 | G26: 6773 | H26: 29493387636 | I26: 0 | K26: 0 | M26: =IFERROR(__xludf.DUMMYFUNCTION("""COMPUTED_VALUE"""),"") | O26: 0 | T26: 11
A27: Cliente 26 | B27: Vendedor 5 | C27: Móvel | D27: Renovação | E27: 839.697.221-44 | F27: 6997 | G27: 2338 | H27: 83969722144 | I27: 1 | K27: 1397.7 | M27: =IFERROR(__xludf.DUMMYFUNCTION("""COMPUTED_VALUE"""),44682.0) -> 44682 | N27: Backoffice Móvel | O27: 1 | Q27: 44682 | T27: 11
A28: Cliente 27 | B28: Vendedor 3 | C28: Móvel | D28: Renovação | E28: 38621453271 | F28: 9645 | G28: 5274 | H28: 38621453271 | I28: 1 | K28: 1311.3 | M28: =IFERROR(__xludf.DUMMYFUNCTION("""COMPUTED_VALUE"""),44635.0) -> 44635 | N28: Backoffice Móvel | O28: 1 | Q28: 44652 | T28: 11
A29: Cliente 28 | B29: Vendedor 3 | C29: Móvel | D29: Renovação | E29: 669.536.990-20 | F29: 9568 | G29: 6538 | H29: 66953699020 | I29: 1 | K29: 909 | M29: =IFERROR(__xludf.DUMMYFUNCTION("""COMPUTED_VALUE"""),44635.0) -> 44635 | N29: Backoffice Móvel | O29: 1 | Q29: 44652 | T29: 11
A30: Cliente 29 | B30: Vendedor 8 | C30: Móvel | D30: Renovação | E30: 998.547.899-40 | F30: 3121 | G30: 6461 | H30: 99854789940 | I30: 1 | K30: 0 | M30: =IFERROR(__xludf.DUMMYFUNCTION("""COMPUTED_VALUE"""),44743.0) -> 44743 | N30: Backoffice Móvel | O30: 1 | Q30: 44743 | T30: 11
A31: Cliente 30 | B31: Vendedor 5 | C31: Móvel | D31: Renovação | E31: 773.527.620-84 | F31: 6600 | G31: 4573 | H31: 77352762084 | I31: 0 | K31: 0 | M31: =IFERROR(__xludf.DUMMYFUNCTION("""COMPUTED_VALUE"""),"") | O31: 0 | T31: 11
A32: Cliente 31 | B32: Vendedor 1 | C32: Móvel | D32: Renovação | E32: 352.786.454-67 | F32: 5522 | G32: 6243 | H32: 35278645467 | I32: 1 | K32: 0 | M32: =IFERROR(__xludf.DUMMYFUNCTION("""COMPUTED_VALUE"""),44666.0) -> 44666 | N32: Backoffice Móvel | O32: 1 | Q32: 44682 | T32: 11
A33: Cliente 32 | B33: Vendedor 5 | C33: Móvel | D33: Renovação | E33: 436.999.748-83 | F33: 8844 | G33: 6170 | H33: 43699974883 | I33: 0 | K33: 0 | M33: =IFERROR(__xludf.DUMMYFUNCTION("""COMPUTED_VALUE"""),"") | O33: 0 | T33: 11
A34: Cliente 33 | B34: Vendedor 7 | C34: Móvel | D34: Renovação | E34: 849.910.131-72 | F34: 2920 | G34: 4510 | H34: 84991013172 | I34: 1 | K34: 0 | M34: =IFERROR(__xludf.DUMMYFUNCTION("""COMPUTED_VALUE"""),44682.0) -> 44682 | N34: Backoffice Móvel | O34: 1 | Q34: 44682 | T34: 11
A35: Cliente 34 | B35: Vendedor 4 | C35: Móvel | D35: Renovação | E35: 88355096302 | F35: 5208 | G35: 2383 | H35: 88355096302 | I35: 0 | K35: 0 | M35: =IFERROR(__xludf.DUMMYFUNCTION("""COMPUTED_VALUE"""),"") | O35: 0 | T35: 11
A36: Cliente 35 | B36: Vendedor 5 | C36: Móvel | D36: Renovação | E36: 832.509.802-94 | F36: 7819 | G36: 1004 | H36: 83250980294 | I36: 1 | K36: 2044.5 | M36: =IFERROR(__xludf.DUMMYFUNCTION("""COMPUTED_VALUE"""),44743.0) -> 44743 | N36: Backoffice Móvel | O36: 1 | Q36: 44743 | T36: 11
A37: Cliente 36 | B37: Vendedor 1 | C37: Móvel | D37: Renovação | E37: 50846615899 | F37: 5217 | G37: 2024 | H37: 50846615899 | I37: 1 | K37: 957.9 | M37: =IFERROR(__xludf.DUMMYFUNCTION("""COMPUTED_VALUE"""),44696.0) -> 44696 | N37: Backoffice Móvel | O37: 1 | Q37: 44682 | T37: 11
A38: Cliente 37 | B38: Vendedor 7 | C38: Móvel | D38: Renovação | E38: 531.576.575-24 | F38: 1899 | G38: 2987 | H38: 53157657524 | I38: 1 | K38: 0 | M38: =IFERROR(__xludf.DUMMYFUNCTION("""COMPUTED_VALUE"""),44652.0) -> 44652 | N38: Backoffice Móvel | O38: 1 | Q38: 44652 | T38: 11
A39: Cliente 38 | B39: Vendedor 3 | C39: Móvel | D39: Renovação | E39: 75252280913 | F39: 1242 | G39: 3588 | H39: 75252280913 | I39: 1 | K39: 0 | M39: =IFERROR(__xludf.DUMMYFUNCTION("""COMPUTED_VALUE"""),44666.0) -> 44666 | N39: Backoffice Móvel | O39: 1 | Q39: 44652 | T39: 11
A40: Cliente 39 | B40: Vendedor 4 | C40: Móvel | D40: Renovação | E40: 12766025437 | F40: 8941 | G40: 4282 | H40: 12766025437 | I40: 1 | K40: 1397.7 | M40: =IFERROR(__xludf.DUMMYFUNCTION("""COMPUTED_VALUE"""),44743.0) -> 44743 | N40: Backoffice Móvel | O40: 1 | Q40: 44743 | T40: 11
A41: Cliente 40 | B41: Vendedor 7 | C41: Móvel | D41: Renovação | E41: 320.561.791-12 | F41: 1239 | G41: 4324 | H41: 32056179112 | I41: 1 | K41: 0 | M41: =IFERROR(__xludf.DUMMYFUNCTION("""COMPUTED_VALUE"""),44682.0) -> 44682 | N41: Backoffice Móvel | O41: 1 | Q41: 44682 | T41: 11
A42: Cliente 41 | B42: Vendedor 8 | C42: Móvel | D42: Renovação | E42: 790.745.071-95 | F42: 9313 | G42: 4829 | H42: 79074507195 | I42: 0 | K42: 0 | M42: =IFERROR(__xludf.DUMMYFUNCTION("""COMPUTED_VALUE"""),"") | O42: 0 | T42: 11
A43: Cliente 42 | B43: Vendedor 1 | C43: Móvel | D43: Renovação | E43: 766.606.955-15 | F43: 5588 | G43: 7003 | H43: 76660695515 | I43: 1 | K43: 0 | M43: =IFERROR(__xludf.DUMMYFUNCTION("""COMPUTED_VALUE"""),44727.0) -> 44727 | N43: Backoffice Móvel | O43: 1 | Q43: 44713 | T43: 11
A44: Cliente 43 | B44: Vendedor 8 | C44: Móvel | D44: Renovação | E44: 74744535315 | F44: 3485 | G44: 5391 | H44: 74744535315 | I44: 0 | K44: 0 | M44: =IFERROR(__xludf.DUMMYFUNCTION("""COMPUTED_VALUE"""),"") | O44: 0 | T44: 11
A45: Cliente 44 | B45: Vendedor 5 | C45: Móvel | D45: Renovação | E45: 557.019.068-22 | F45: 6925 | G45: 5859 | H45: 55701906822 | I45: 1 | K45: 319.8 | M45: =IFERROR(__xludf.DUMMYFUNCTION("""COMPUTED_VALUE"""),44652.0) -> 44652 | N45: Backoffice Móvel | O45: 1 | Q45: 44652 | T45: 11
A46: Cliente 45 | B46: Vendedor 3 | C46: Móvel | D46: Renovação | E46: 197.254.039-33 | F46: 9778 | G46: 2112 | H46: 19725403933 | I46: 0 | K46: 0 | M46: =IFERROR(__xludf.DUMMYFUNCTION("""COMPUTED_VALUE"""),"") | O46: 0 | T46: 11
A47: Cliente 46 | B47: Vendedor 2 | C47: Móvel | D47: Renovação | E47: 65117648937 | F47: 6710 | G47: 3467 | H47: 65117648937 | I47: 1 | K47: 972.9 | M47: =IFERROR(__xludf.DUMMYFUNCTION("""COMPUTED_VALUE"""),44666.0) -> 44666 | N47: Backoffice Móvel | O47: 1 | Q47: 44682 | T47: 11
A48: Cliente 47 | B48: Vendedor 1 | C48: Móvel | D48: Renovação | E48: 612.065.233-08 | F48: 7353 | G48: 7578 | H48: 61206523308 | I48: 1 | K48: 0 | M48: =IFERROR(__xludf.DUMMYFUNCTION("""COMPUTED_VALUE"""),44727.0) -> 44727 | N48: Backoffice Móvel | O48: 1 | Q48: 44743 | T48: 11
A49: Cliente 48 | B49: Vendedor 6 | C49: Móvel | D49: Renovação | E49: 16241068274 | F49: 8232 | G49: 1456 | H49: 16241068274 | I49: 0 | K49: 0 | M49: =IFERROR(__xludf.DUMMYFUNCTION("""COMPUTED_VALUE"""),"") | O49: 0 | T49: 11
A50: Cliente 49 | B50: Vendedor 4 | C50: Móvel | D50: Renovação | E50: 955.974.576-29 | F50: 7242 | G50: 9378 | H50: 95597457629 | I50: 0 | K50: 0 | M50: =IFERROR(__xludf.DUMMYFUNCTION("""COMPUTED_VALUE"""),"") | O50: 0 | T50: 11
A51: Cliente 50 | B51: Vendedor 3 | C51: Móvel | D51: Renovação | E51: 400.225.725-12 | F51: 1507 | G51: 8690 | H51: 40022572512 | I51: 0 | K51: 0 | M51: =IFERROR(__xludf.DUMMYFUNCTION("""COMPUTED_VALUE"""),"") | O51: 0 | T51: 11
A52: Cliente 51 | B52: Vendedor 8 | C52: Móvel | D52: Renovação | E52: 29023657102 | F52: 7718 | G52: 5224 | H52: 29023657102 | I52: 1 | K52: 748.2 | M52: =IFERROR(__xludf.DUMMYFUNCTION("""COMPUTED_VALUE"""),44682.0) -> 44682 | N52: Backoffice Móvel | O52: 1 | Q52: 44682 | T52: 11
A53: Cliente 52 | B53: Vendedor 2 | C53: Móvel | D53: Renovação | E53: 520.134.240-44 | F53: 8092 | G53: 7930 | H53: 52013424044 | I53: 1 | K53: 48.6 | M53: =IFERROR(__xludf.DUMMYFUNCTION("""COMPUTED_VALUE"""),44757.0) -> 44757 | N53: Backoffice Móvel | O53: 1 | Q53: 44743 | T53: 11
A54: Cliente 53 | B54: Vendedor 1 | C54: Móvel | D54: Renovação | E54: 402.853.074-40 | F54: 5005 | G54: 5624 | H54: 40285307440 | I54: 1 | K54: 0 | M54: =IFERROR(__xludf.DUMMYFUNCTION("""COMPUTED_VALUE"""),44727.0) -> 44727 | N54: Backoffice Móvel | O54: 1 | Q54: 44743 | T54: 11
A55: Cliente 54 | B55: Vendedor 7 | C55: Móvel | D55: Renovação | E55: 59196860850 | F55: 6269 | G55: 8926 | H55: 59196860850 | I55: 1 | K55: 0 | M55: =IFERROR(__xludf.DUMMYFUNCTION("""COMPUTED_VALUE"""),44713.0) -> 44713 | N55: Backoffice Móvel | O55: 1 | Q55: 44713 | T55: 11
A56: Cliente 55 | B56: Vendedor 8 | C56: Móvel | D56: Renovação | E56: 823.875.498-71 | F56: 9325 | G56: 8252 | H56: 82387549871 | I56: 0 | K56: 0 | M56: =IFERROR(__xludf.DUMMYFUNCTION("""COMPUTED_VALUE"""),"") | O56: 0 | T56: 11
A57: Cliente 56 | B57: Vendedor 7 | C57: Móvel | D57: Renovação | E57: 52488357799 | F57: 5691 | G57: 1329 | H57: 52488357799 | I57: 1 | K57: 1308.6 | M57: =IFERROR(__xludf.DUMMYFUNCTION("""COMPUTED_VALUE"""),44743.0) -> 44743 | N57: Backoffice Móvel | O57: 1 | Q57: 44743 | T57: 11
A58: Cliente 57 | B58: Vendedor 8 | C58: Móvel | D58: Renovação | E58: 876.259.791-57 | F58: 3062 | G58: 4218 | H58: 87625979157 | I58: 1 | K58: 0 | M58: =IFERROR(__xludf.DUMMYFUNCTION("""COMPUTED_VALUE"""),44743.0) -> 44743 | N58: Backoffice Móvel | O58: 1 | Q58: 44743 | T58: 11
A59: Cliente 58 | B59: Vendedor 4 | C59: Móvel | D59: Renovação | E59: 92592679266 | F59: 6711 | G59: 4510 | H59: 92592679266 | I59: 0 | K59: 0 | M59: =IFERROR(__xludf.DUMMYFUNCTION("""COMPUTED_VALUE"""),"") | O59: 0 | T59: 11
A60: Cliente 59 | B60: Vendedor 4 | C60: Móvel | D60: Renovação | E60: 600.958.643-07 | F60: 2991 | G60: 5278 | H60: 60095864307 | I60: 0 | K60: 0 | M60: =IFERROR(__xludf.DUMMYFUNCTION("""COMPUTED_VALUE"""),"") | O60: 0 | T60: 11
A61: Cliente 60 | B61: Vendedor 6 | C61: Móvel | D61: Renovação | E61: 11470034718 | F61: 8926 | G61: 8058 | H61: 11470034718 | I61: 1 | K61: 260.4 | M61: =IFERROR(__xludf.DUMMYFUNCTION("""COMPUTED_VALUE"""),44743.0) -> 44743 | N61: Backoffice Móvel | O61: 1 | Q61: 44743 | T61: 11
A62: Cliente 61 | B62: Vendedor 2 | C62: Móvel | D62: Renovação | E62: 974.623.686-99 | F62: 4417 | G62: 7172 | H62: 97462368699 | I62: 1 | K62: 0 | M62: =IFERROR(__xludf.DUMMYFUNCTION("""COMPUTED_VALUE"""),44635.0) -> 44635 | N62: Backoffice Móvel | O62: 1 | Q62: 44652 | T62: 11
A63: Cliente 62 | B63: Vendedor 4 | C63: Móvel | D63: Renovação | E63: 94180878908 | F63: 7649 | G63: 4485 | H63: 94180878908 | I63: 1 | K63: 949.2 | M63: =IFERROR(__xludf.DUMMYFUNCTION("""COMPUTED_VALUE"""),44652.0) -> 44652 | N63: Backoffice Móvel | O63: 1 | Q63: 44652 | T63: 11
A64: Cliente 63 | B64: Vendedor 5 | C64: Móvel | D64: Renovação | E64: 21691467158 | F64: 3518 | G64: 7021 | H64: 21691467158 | I64: 1 | K64: 0 | M64: =IFERROR(__xludf.DUMMYFUNCTION("""COMPUTED_VALUE"""),44713.0) -> 44713 | N64: Backoffice Móvel | O64: 1 | Q64: 44713 | T64: 11
A65: Cliente 64 | B65: Vendedor 2 | C65: Móvel | D65: Renovação | E65: 72364877592 | F65: 5758 | G65: 5863 | H65: 72364877592 | I65: 1 | K65: 0 | M65: =IFERROR(__xludf.DUMMYFUNCTION("""COMPUTED_VALUE"""),44696.0) -> 44696 | N65: Backoffice Móvel | O65: 1 | Q65: 44713 | T65: 11
A66: Cliente 65 | B66: Vendedor 5 | C66: Móvel | D66: Renovação | E66: 44423229021 | F66: 3379 | G66: 1180 | H66: 44423229021 | I66: 1 | K66: 659.7 | M66: =IFERROR(__xludf.DUMMYFUNCTION("""COMPUTED_VALUE"""),44713.0) -> 44713 | N66: Backoffice Móvel | O66: 1 | Q66: 44713 | T66: 11
A67: Cliente 66 | B67: Vendedor 5 | C67: Móvel | D67: Renovação | E67: 501.017.473-76 | F67: 8719 | G67: 1131 | H67: 50101747376 | I67: 1 | K67: 2276.4 | M67: =IFERROR(__xludf.DUMMYFUNCTION("""COMPUTED_VALUE"""),44713.0) -> 44713 | N67: Backoffice Móvel | O67: 1 | Q67: 44713 | T67: 11
A68: Cliente 67 | B68: Vendedor 2 | C68: Móvel | D68: Renovação | E68: 29205168465 | F68: 9413 | G68: 5145 | H68: 29205168465 | I68: 0 | K68: 0 | M68: =IFERROR(__xludf.DUMMYFUNCTION("""COMPUTED_VALUE"""),"") | O68: 0 | T68: 11
A69: Cliente 68 | B69: Vendedor 6 | C69: Móvel | D69: Renovação | E69: 391.653.021-11 | F69: 2109 | G69: 8702 | H69: 39165302111 | I69: 0 | K69: 0 | M69: =IFERROR(__xludf.DUMMYFUNCTION("""COMPUTED_VALUE"""),"") | O69: 0 | T69: 11
A70: Cliente 69 | B70: Vendedor 8 | C70: Móvel | D70: Renovação | E70: 77504386209 | F70: 7083 | G70: 1725 | H70: 77504386209 | I70: 1 | K70: 1607.4 | M70: =IFERROR(__xludf.DUMMYFUNCTION("""COMPUTED_VALUE"""),44743.0) -> 44743 | N70: Backoffice Móvel | O70: 1 | Q70: 44743 | T70: 11
A71: Cliente 70 | B71: Vendedor 1 | C71: Móvel | D71: Renovação | E71: 74903640390 | F71: 1910 | G71: 4072 | H71: 74903640390 | I71: 1 | K71: 0 | M71: =IFERROR(__xludf.DUMMYFUNCTION("""COMPUTED_VALUE"""),44696.0) -> 44696 | N71: Backoffice Móvel | O71: 1 | Q71: 44682 | T71: 11
A72: Cliente 71 | B72: Vendedor 5 | C72: Móvel | D72: Renovação | E72: 924.534.100-42 | F72: 2717 | G72: 9246 | H72: 92453410042 | I72: 0 | K72: 0 | M72: =IFERROR(__xludf.DUMMYFUNCTION("""COMPUTED_VALUE"""),"") | O72: 0 | T72: 11
A73: Cliente 72 | B73: Vendedor 1 | C73: Móvel | D73: Renovação | E73: 66921477819 | F73: 6266 | G73: 3546 | H73: 66921477819 | I73: 1 | K73: 816 | M73: =IFERROR(__xludf.DUMMYFUNCTION("""COMPUTED_VALUE"""),44666.0) -> 44666 | N73: Backoffice Móvel | O73: 1 | Q73: 44652 | T73: 11
A74: Cliente 73 | B74: Vendedor 7 | C74: Móvel | D74: Renovação | E74: 21664565023 | F74: 9708 | G74: 5959 | H74: 21664565023 | I74: 1 | K74: 1124.7 | M74: =IFERROR(__xludf.DUMMYFUNCTION("""COMPUTED_VALUE"""),44713.0) -> 44713 | N74: Backoffice Móvel | O74: 1 | Q74: 44713 | T74: 11
A75: Cliente 74 | B75: Vendedor 5 | C75: Móvel | D75: Renovação | E75: 391.888.142-36 | F75: 2313 | G75: 9621 | H75: 39188814236 | I75: 1 | K75: 0 | M75: =IFERROR(__xludf.DUMMYFUNCTION("""COMPUTED_VALUE"""),44713.0) -> 44713 | N75: Backoffice Móvel | O75: 1 | Q75: 44713 | T75: 11
A76: Cliente 75 | B76: Vendedor 8 | C76: Móvel | D76: Renovação | E76: 910.793.355-63 | F76: 5382 | G76: 2354 | H76: 91079335563 | I76: 1 | K76: 908.4 | M76: =IFERROR(__xludf.DUMMYFUNCTION("""COMPUTED_VALUE"""),44713.0) -> 44713 | N76: Backoffice Móvel | O76: 1 | Q76: 44713 | T76: 11
A77: Cliente 76 | B77: Vendedor 2 | C77: Móvel | D77: Renovação | E77: 40910882284 | F77: 1846 | G77: 3271 | H77: 40910882284 | I77: 1 | K77: 0 | M77: =IFERROR(__xludf.DUMMYFUNCTION("""COMPUTED_VALUE"""),44696.0) -> 44696 | N77: Backoffice Móvel | O77: 1 | Q77: 44713 | T77: 11
A78: Cliente 77 | B78: Vendedor 1 | C78: Móvel | D78: Renovação | E78: 80792760458 | F78: 5189 | G78: 6308 | H78: 80792760458 | I78: 1 | K78: 0 | M78: =IFERROR(__xludf.DUMMYFUNCTION("""COMPUTED_VALUE"""),44635.0) -> 44635 | N78: Backoffice Móvel | O78: 1 | Q78: 44652 | T78: 11
A79: Cliente 78 | B79: Vendedor 6 | C79: Móvel | D79: Renovação | E79: 496.480.674-75 | F79: 2216 | G79: 9286 | H79: 49648067475 | I79: 1 | K79: 0 | M79: =IFERROR(__xludf.DUMMYFUNCTION("""COMPUTED_VALUE"""),44713.0) -> 44713 | N79: Backoffice Móvel | O79: 1 | Q79: 44713 | T79: 11
A80: Cliente 79 | B80: Vendedor 1 | C80: Móvel | D80: Renovação | E80: 65267985440 | F80: 2772 | G80: 3548 | H80: 65267985440 | I80: 1 | K80: 0 | M80: =IFERROR(__xludf.DUMMYFUNCTION("""COMPUTED_VALUE"""),44727.0) -> 44727 | N80: Backoffice Móvel | O80: 1 | Q80: 44743 | T80: 11
A81: Cliente 80 | B81: Vendedor 2 | C81: Móvel | D81: Renovação | E81: 318.585.954-12 | F81: 4792 | G81: 7713 | H81: 31858595412 | I81: 0 | K81: 0 | M81: =IFERROR(__xludf.DUMMYFUNCTION("""COMPUTED_VALUE"""),"") | O81: 0 | T81: 11
A82: Cliente 81 | B82: Vendedor 5 | C82: Móvel | D82: Renovação | E82: 565.399.055-34 | F82: 8659 | G82: 6044 | H82: 56539905534 | I82: 1 | K82: 784.5 | M82: =IFERROR(__xludf.DUMMYFUNCTION("""COMPUTED_VALUE"""),44713.0) -> 44713 | N82: Backoffice Móvel | O82: 1 | Q82: 44713 | T82: 11
A83: Cliente 82 | B83: Vendedor 1 | C83: Móvel | D83: Renovação | E83: 70934712060 | F83: 6527 | G83: 4399 | H83: 70934712060 | I83: 0 | K83: 0 | M83: =IFERROR(__xludf.DUMMYFUNCTION("""COMPUTED_VALUE"""),"") | O83: 0 | T83: 11
A84: Cliente 83 | B84: Vendedor 8 | C84: Móvel | D84: Renovação | E84: 21381752319 | F84: 7887 | G84: 5276 | H84: 21381752319 | I84: 1 | K84: 783.3 | M84: =IFERROR(__xludf.DUMMYFUNCTION("""COMPUTED_VALUE"""),44682.0) -> 44682 | N84: Backoffice Móvel | O84: 1 | Q84: 44682 | T84: 11
A85: Cliente 84 | B85: Vendedor 1 | C85: Móvel | D85: Renovação | E85: 942.949.260-90 | F85: 3480 | G85: 6081 | H85: 94294926090 | I85: 0 | K85: 0 | M85: =IFERROR(__xludf.DUMMYFUNCTION("""COMPUTED_VALUE"""),"") | O85: 0 | T85: 11
A86: Cliente 85 | B86: Vendedor 4 | C86: Móvel | D86: Renovação | E86: 873.820.623-77 | F86: 1271 | G86: 1768 | H86: 87382062377 | I86: 1 | K86: 0 | M86: =IFERROR(__xludf.DUMMYFUNCTION("""COMPUTED_VALUE"""),44652.0) -> 44652 | N86: Backoffice Móvel | O86: 1 | Q86: 44652 | T86: 11
A87: Cliente 86 | B87: Vendedor 6 | C87: Móvel | D87: Renovação | E87: 80449418694 | F87: 7009 | G87: 9444 | H87: 80449418694 | I87: 0 | K87: 0 | M87: =IFERROR(__xludf.DUMMYFUNCTION("""COMPUTED_VALUE"""),"") | O87: 0 | T87: 11
A88: Cliente 87 | B88: Vendedor 6 | C88: Móvel | D88: Renovação | E88: 43423666928 | F88: 3668 | G88: 9798 | H88: 43423666928 | I88: 1 | K88: 0 | M88: =IFERROR(__xludf.DUMMYFUNCTION("""COMPUTED_VALUE"""),44713.0) -> 44713 | N88: Backoffice Móvel | O88: 1 | Q88: 44713 | T88: 11
A89: Cliente 88 | B89: Vendedor 7 | C89: Móvel | D89: Renovação | E89: 335.965.968-26 | F89: 1427 | G89: 8678 | H89: 33596596826 | I89: 1 | K89: 0 | M89: =IFERROR(__xludf.DUMMYFUNCTION("""COMPUTED_VALUE"""),44682.0) -> 44682 | N89: Backoffice Móvel | O89: 1 | Q89: 44682 | T89: 11
A90: Cliente 89 | B90: Vendedor 7 | C90: Móvel | D90: Renovação | E90: 24340522540 | F90: 3382 | G90: 8128 | H90: 24340522540 | I90: 1 | K90: 0 | M90: =IFERROR(__xludf.DUMMYFUNCTION("""COMPUTED_VALUE"""),44682.0) -> 44682 | N90: Backoffice Móvel | O90: 1 | Q90: 44682 | T90: 11
A91: Cliente 90 | B91: Vendedor 5 | C91: Móvel | D91: Renovação | E91: 66472026623 | F91: 4344 | G91: 1843 | H91: 66472026623 | I91: 1 | K91: 750.3 | M91: =IFERROR(__xludf.DUMMYFUNCTION("""COMPUTED_VALUE"""),44652.0) -> 44652 | N91: Backoffice Móvel | O91: 1 | Q91: 44652 | T91: 11
A92: Cliente 91 | B92: Vendedor 6 | C92: Móvel | D92: Renovação | E92: 32267168945 | F92: 5249 | G92: 1298 | H92: 32267168945 | I92: 0 | K92: 0 | M92: =IFERROR(__xludf.DUMMYFUNCTION("""COMPUTED_VALUE"""),"") | O92: 0 | T92: 11
A93: Cliente 92 | B93: Vendedor 7 | C93: Móvel | D93: Renovação | E93: 20244484886 | F93: 6177 | G93: 8593 | H93: 20244484886 | I93: 0 | K93: 0 | M93: =IFERROR(__xludf.DUMMYFUNCTION("""COMPUTED_VALUE"""),"") | O93: 0 | T93: 11
A94: Cliente 93 | B94: Vendedor 1 | C94: Móvel | D94: Renovação | E94: 982.949.728-93 | F94: 9928 | G94: 2292 | H94: 98294972893 | I94: 0 | K94: 0 | M94: =IFERROR(__xludf.DUMMYFUNCTION("""COMPUTED_VALUE"""),"") | O94: 0 | T94: 11
A95: Cliente 94 | B95: Vendedor 6 | C95: Móvel | D95: Renovação | E95: 999.479.926-66 | F95: 8321 | G95: 9455 | H95: 99947992666 | I95: 1 | K95: 0 | M95: =IFERROR(__xludf.DUMMYFUNCTION("""COMPUTED_VALUE"""),44682.0) -> 44682 | N95: Backoffice Móvel | O95: 1 | Q95: 44682 | T95: 11
A96: Cliente 95 | B96: Vendedor 5 | C96: Móvel | D96: Renovação | E96: 630.530.833-25 | F96: 2776 | G96: 7311 | H96: 63053083325 | I96: 1 | K96: 0 | M96: =IFERROR(__xludf.DUMMYFUNCTION("""COMPUTED_VALUE"""),44713.0) -> 44713 | N96: Backoffice Móvel | O96: 1 | Q96: 44713 | T96: 11
A97: Cliente 96 | B97: Vendedor 3 | C97: Móvel | D97: Renovação | E97: 405.449.523-45 | F97: 7064 | G97: 9044 | H97: 40544952345 | I97: 0 | K97: 0 | M97: =IFERROR(__xludf.DUMMYFUNCTION("""COMPUTED_VALUE"""),"") | O97: 0 | T97: 11
A98: Cliente 97 | B98: Vendedor 8 | C98: Móvel | D98: Renovação | E98: 53394487378 | F98: 3373 | G98: 6660 | H98: 53394487378 | I98: 1 | K98: 0 | M98: =IFERROR(__xludf.DUMMYFUNCTION("""COMPUTED_VALUE"""),44743.0) -> 44743 | N98: Backoffice Móvel | O98: 1 | Q98: 44743 | T98: 11
A99: Cliente 98 | B99: Vendedor 7 | C99: Móvel | D99: Renovação | E99: 88768619497 | F99: 7556 | G99: 1301 | H99: 88768619497 | I99: 1 | K99: 1876.5 | M99: =IFERROR(__xludf.DUMMYFUNCTION("""COMPUTED_VALUE"""),44743.0) -> 44743 | N99: Backoffice Móvel | O99: 1 | Q99: 44743 | T99: 11
A100: Cliente 99 | B100: Vendedor 8 | C100: Móvel | D100: Renovação | E100: 457.659.402-89 | F100: 2588 | G100: 9897 | H100: 45765940289 | I100: 1 | K100: 0 | M100: =IFERROR(__xludf.DUMMYFUNCTION("""COMPUTED_VALUE"""),44682.0) -> 44682 | N100: Backoffice Móvel | O100: 1 | Q100: 44682 | T100: 11
...

Sheet Base de faturamento
A1: Número de série da venda | B1: Valor faturado | C1: Data de pagamento
A2: 20723972248 | B2: 1459 | C2: 44686
A3: 27674450597 | B3: 5628 | C3: 44674
A4: 15720902707 | B4: 1146 | C4: 44688
A5: 34321267262 | B5: 2159 | C5: 44721
A6: 43608723405 | B6: 4269 | C6: 44734
A7: 98362986393 | B7: 5370 | C7: 44654
A8: 22544852110 | B8: 5336 | C8: 44670
A9: 67563233991 | B9: 7785 | C9: 44722
A10: 18175071887 | B10: 8410 | C10: 44642
A11: 20503026585 | B11: 5574 | C11: 44680
A12: 57413657804 | B12: 2167 | C12: 44656
A13: 42608568618 | B13: 5549 | C13: 44705
... A555: 71897943376 | B555: 2970 | C555: 44711

Sheet Dados
A1: Vendedor | B1: Comissão dos vendedores (R$) | G1: Backoffice | H1: Comissão | M1: Time | N1: Comissão | S1: DATA DE PAGAMENTO | T1: Vendedor 1 | U1: Vendedor 2 | V1: Vendedor 3 | W1: Vendedor 4 | X1: Vendedor 5 | Y1: Vendedor 6 | Z1: Vendedor 7 | AA1: Vendedor 8 | AB1: Backoffice Móvel | AC1: Backoffice Fixa | AD1: Orçamento do dia a ser pago
A2: Vendedor 1 | B2: {=SUMIF('Base de vendas'!B2:B1000, "Vendedor " & {1;2;3;4;5;6;7;8}, 'Base de vendas'!K2:K1000)} -> 73017.2 | G2: Móvel | H2: {=COUNTIFS('Base de vendas'!N2:N1000, {"Backoffice Móvel"; "Backoffice Fixa"})} -> 253 | M2: Time 1 | N2: =SUM(B2:B4) -> 194402.6 | S2: {=SORT(UNIQUE('Base de vendas'!M2:M1000))} -> 44635 | T2: {=IF(S2:S1000="", "", SUMIF('Base de vendas'!B:B & 'Base de vendas'!M:M, "Vendedor 1" & S2:S1000, 'Base de vendas'!K:K))} -> 10325.1 | U2: {=IF($S2:$S1000="", "", SUMIF('Base de vendas'!$B:$B & 'Base de vendas'!$M:$M, U1:AA1 & $S2:$S1000, 'Base de vendas'!$K:$K))} -> 13942.1 | V2: 20799.8 | W2: 0 | X2: 0 | Y2: 0 | Z2: 0 | AA2: 0 | AB2: {=IF(S2:S1000="", "", COUNTIFS('Base de vendas'!N2:N1000, "Backoffice Móvel", 'Base de vendas'!Q2:Q1000, S2:S1000))} -> 0 | AC2: {=IF(S2:S1000="", "", COUNTIFS('Base de vendas'!N2:N1000, "Backoffice Fixa", 'Base de vendas'!Q2:Q1000, S2:S1000))} -> 0 | AD2: {=IF(S2:S1000="", "", MMULT(N(T2:AC1000), SEQUENCE(COLUMNS(T2:AC1000), 1, 1, 0)))} -> 45067
A3: Vendedor 2 | B3: 58981.7 | G3: Fixa | H3: 301 | M3: Time 2 | N3: =SUM(B5:B7) -> 190967 | S3: 44652 | T3: 0 | U3: 0 | V3: 0 | W3: 24577.6 | X3: 16893 | Y3: 15052 | Z3: 16706.7 | AA3: 8637.1 | AB3: 63 | AC3: 79 | AD3: 82008.4
A4: Vendedor 3 | B4: 62403.7 | G4: TOTAL(R$) | H4: =SUM(H2:H3) -> 554 | M4: Time 3 | N4: =SUM(B8:B9) -> 128744 | S4: 44666 | T4: 9194.1 | U4: 15226.1 | V4: 18710.5 | W4: 0 | X4: 0 | Y4: 0 | Z4: 0 | AA4: 0 | AB4: 0 | AC4: 0 | AD4: 43130.7
A5: Vendedor 4 | B5: 68478 | M5: TOTAL (R$) | N5: =SUM(N2:N4) -> 514113.6 | S5: 44682 | T5: 0 | U5: 0 | V5: 0 | W5: 15873.5 | X5: 15412 | Y5: 12530.3 | Z5: 14916.4 | AA5: 13357.6 | AB5: 65 | AC5: 76 | AD5: 72230.8
A6: Vendedor 5 | B6: 72464.7 | S6: 44696 | T6: 18521.5 | U6: 12036.6 | V6: 10149.9 | W6: 0 | X6: 0 | Y6: 0 | Z6: 0 | AA6: 0 | AB6: 0 | AC6: 0 | AD6: 40708
A7: Vendedor 6 | B7: 50024.3 | S7: 44713 | T7: 0 | U7: 0 | V7: 0 | W7: 19531.2 | X7: 17776.3 | Y7: 10262.9 | Z7: 26107.8 | AA7: 15236.4 | AB7: 67 | AC7: 70 | AD7: 89051.6
A8: Vendedor 7 | B8: 74508.8 | S8: 44727 | T8: 26816.9 | U8: 12165.3 | V8: 5542.8 | W8: 0 | X8: 0 | Y8: 0 | Z8: 0 | AA8: 0 | AB8: 0 | AC8: 0 | AD8: 44525
A9: Vendedor 8 | B9: 54235.2 | S9: 44743 | T9: 0 | U9: 0 | V9: 0 | W9: 6556.7 | X9: 22383.4 | Y9: 12179.1 | Z9: 16777.9 | AA9: 17004.1 | AB9: 58 | AC9: 74 | AD9: 75033.2
A10: TOTAL (R$) | B10: =SUM(B2:B9) -> 514113.6 | S10: 44757 | T10: 8159.6 | U10: 5611.6 | V10: 7200.7 | W10: 0 | X10: 0 | Y10: 0 | Z10: 0 | AA10: 0 | AB10: 0 | AC10: 0 | AD10: 20971.9
S11: 44774 | T11: 0 | U11: 0 | V11: 0 | W11: 1939 | X11: 0 | Y11: 0 | Z11: 0 | AA11: 0 | AB11: 0 | AC11: 2 | AD11: 1941
